{
  "product": [
    {
      "id": 1,
      "item": "Idly Vada ",
      "category": "Breakfast",
      "price": 40
    },
    {
      "id": 2,
      "item": "Choco-Chips",
      "category": "Cookies",
      "price": 75
    },
    {
      "id": 3,
      "item": "Chapathi 2pcs",
      "category": "Diet",
      "price": 55
    },
    {
      "id": "4",
      "item": "poori",
      "category": "breakfast",
      "price": "35"
    },
    {
      "id": "5",
      "item": "chicken",
      "category": "non veg",
      "price": "600"
    }
  ],
  "cart": [
    {
      "productId": 1,
      "price": 40,
      "userId": "3",
      "date": "12/1/2023, 6:53:40 pm",
      "id": 1
    },
    {
      "productId": 2,
      "price": 75,
      "userId": "3",
      "date": "12/1/2023, 6:53:54 pm",
      "id": 2
    }
  ],
  "user": [
    {
      "name": "vamsi",
      "email": "vamsi@gmail.com",
      "password": "vamsi123",
      "id": 1
    },
    {
      "name": "raghu",
      "email": "r@gmail.com",
      "password": "r123",
      "id": 2
    },
    {
      "name": "shekar",
      "email": "shekar@gmail.com",
      "password": "shek123",
      "id": 3
    }
  ],
  "admin": [
    {
      "name": "Ramesh",
      "email": "Ram@gmail.com",
      "password": "ram123",
      "id": 1
    },
    {
      "name": "Pavan",
      "email": "pav@gmail.com",
      "password": "pavan123",
      "id": 1
    }
  ]
}